Python File,Go Directory,Status
001_mail_reject.py,mail_reject,MATCHED
002_simple_rewrite.py,simple_rewrite,MATCHED
01_marf.py,marf,MATCHED
02_feedback_loop.py,feedback_loop,MATCHED
02_xarf.py,xarf,MATCHED
05_simple_url_report.py,simple_url_report,MATCHED
06_gold_parser.py,gold_parser,MATCHED
ZX_generic_spam_trap.py,generic_spam_trap,MATCHED
ZY_simple_format.py,simple_format,MATCHED
ZZ_simple_guess_parser.py,simple_guess_parser,MATCHED
abuse_oneprovider.py,abuse_oneprovider,MATCHED
abusehub_nl.py,abusehub_nl,MATCHED
abusetrue_nl.py,abusetrue_nl,MATCHED
abusix.py,abusix,MATCHED
acastano.py,acastano,MATCHED
accenture.py,accenture,MATCHED
acedatacenter.py,acedatacenter,MATCHED
acns.py,acns,MATCHED
adciberespaco.py,adciberespaco,MATCHED
agouros.py,agouros,MATCHED
aiplex.py,aiplex,MATCHED
akamai.py,akamai,MATCHED
amasha.py,amasha,MATCHED
amazon.py,amazon,MATCHED
antipiracy.py,antipiracy,MATCHED
antipiracy_report.py,antipiracy_report,MATCHED
antipiracyprotection.py,antipiracyprotection,MATCHED
anvisa_gov.py,anvisa_gov,MATCHED
aol.py,aol,MATCHED
ap_markmonitor.py,ap_markmonitor,MATCHED
aparlay.py,aparlay,MATCHED
apiccopyright.py,apiccopyright,MATCHED
arkadruk.py,arkadruk,MATCHED
artplanet.py,artplanet,MATCHED
aruba.py,aruba,MATCHED
att.py,att,MATCHED
attributor.py,attributor,MATCHED
autofusion.py,autofusion,MATCHED
avoxi.py,avoxi,MATCHED
axghouse.py,axghouse,MATCHED
axur.py,axur,MATCHED
b_monitor.py,b_monitor,MATCHED
barrettlawgroup.py,barrettlawgroup,MATCHED
baysidecorp.py,baysidecorp,MATCHED
bb.py,bb,MATCHED
bbc.py,bbc,MATCHED
bellsouth.py,bellsouth,MATCHED
beygoo.py,beygoo,MATCHED
bibo.py,bibo,MATCHED
bitninja.py,bitninja,MATCHED
bka.py,bka,MATCHED
black_dura.py,black_dura,MATCHED
bluevoyant.py,bluevoyant,MATCHED
bnshosting.py,bnshosting,MATCHED
bofa.py,bofa,MATCHED
botnet_tracker.py,botnet_tracker,MATCHED
bp_corsearch.py,bp_corsearch,MATCHED
bradesco.py,bradesco,MATCHED
brandmonitor.py,brandmonitor,MATCHED
brandprotection.py,brandprotection,MATCHED
brandsecurity_ru.py,brandsecurity_ru,MATCHED
brandshield.py,brandshield,MATCHED
bsi.py,bsi,MATCHED
bt.py,bt,MATCHED
buerki.py,buerki,MATCHED
buycheaprdp.py,buycheaprdp,MATCHED
bwbmodels.py,bwbmodels,MATCHED
bytescare.py,bytescare,MATCHED
cammodelprotect.py,cammodelprotect,MATCHED
cavac.py,cavac,MATCHED
ccirc.py,ccirc,MATCHED
cdar_westpac.py,cdar_westpac,MATCHED
centurylink.py,centurylink,MATCHED
centurylinkservices.py,centurylinkservices,MATCHED
cert_bz.py,cert_bz,MATCHED
cert_ee.py,cert_ee,MATCHED
cert_es.py,cert_es,MATCHED
cert_gib.py,cert_gib,MATCHED
cert_gov.py,cert_gov,MATCHED
cert_hr.py,cert_hr,MATCHED
cert_in.py,cert_in,MATCHED
cert_lt.py,cert_lt,MATCHED
cert_no.py,cert_no,MATCHED
cert_nz.py,cert_nz,MATCHED
cert_pl.py,cert_pl,MATCHED
cert_pt.py,cert_pt,MATCHED
cert_rcts.py,cert_rcts,MATCHED
cert_ro.py,cert_ro,MATCHED
cert_ua.py,cert_ua,MATCHED
certat.py,certat,MATCHED
certbr.py,certbr,MATCHED
chaturbate.py,chaturbate,MATCHED
checkphish.py,checkphish,MATCHED
circllu.py,circllu,MATCHED
ciu_online.py,ciu_online,MATCHED
cloudflare.py,cloudflare,MATCHED
cloudns.py,cloudns,MATCHED
cnsd_gob_pe.py,cnsd_gob_pe,MATCHED
cogent.py,cogent,MATCHED
colocationamerica.py,colocationamerica,MATCHED
columbiaedu.py,columbiaedu,MATCHED
comcast.py,comcast,MATCHED
comeso.py,comeso,MATCHED
communicationvalley.py,communicationvalley,MATCHED
comvive.py,comvive,MATCHED
copyright_compliance.py,copyright_compliance,MATCHED
copyright_integrity.py,copyright_integrity,MATCHED
counterfeittechnology.py,counterfeittechnology,MATCHED
courbis.py,courbis,MATCHED
courts_in.py,courts_in,MATCHED
cpanel.py,cpanel,MATCHED
cpragency.py,cpragency,MATCHED
crdflabs.py,crdflabs,MATCHED
crm_wix.py,crm_wix,MATCHED
crowdstrike.py,crowdstrike,MATCHED
csa.py,csa,MATCHED
cscglobal.py,cscglobal,MATCHED
csirt_br.py,csirt_br,MATCHED
csirt_cz.py,csirt_cz,MATCHED
csirt_divd.py,csirt_divd,MATCHED
csirt_dnofd.py,csirt_dnofd,MATCHED
csirt_muni.py,csirt_muni,MATCHED
csis.py,csis,MATCHED
customvisuals.py,customvisuals,MATCHED
cyber999.py,cyber999,MATCHED
cyber_gc.py,cyber_gc,MATCHED
cyberint.py,cyberint,MATCHED
cybertip.py,cybertip,MATCHED
cyberweb.py,cyberweb,MATCHED
cyble.py,cyble,MATCHED
d3lab.py,d3lab,MATCHED
darklist.py,darklist,MATCHED
datapacket.py,datapacket,MATCHED
dcpmail.py,dcpmail,MATCHED
dd_tech.py,dd_tech,MATCHED
ddos_google.py,ddos_google,MATCHED
debian.py,debian,MATCHED
defaria.py,defaria,MATCHED
deft.py,deft,MATCHED
deloite.py,deloite,MATCHED
desmoweb.py,desmoweb,MATCHED
dgn.py,dgn,MATCHED
dgt.py,dgt,MATCHED
digiguardians.py,digiguardians,MATCHED
digiturk.py,digiturk,MATCHED
disney.py,disney,MATCHED
djr_co.py,djr_co,MATCHED
dmarc_xml.py,dmarc_xml,MATCHED
dmca_com.py,dmca_com,MATCHED
dmca_pro.py,dmca_pro,MATCHED
dmcaforce.py,dmcaforce,MATCHED
dmcapiracyprevention.py,dmcapiracyprevention,MATCHED
dnainternet.py,dnainternet,MATCHED
dnsc.py,dnsc,MATCHED
docusign.py,docusign,MATCHED
domainabusereporting.py,domainabusereporting,MATCHED
domainoo.py,domainoo,MATCHED
doppel.py,doppel,MATCHED
dreamworldpartners.py,dreamworldpartners,MATCHED
dreyfus.py,dreyfus,MATCHED
easysol.py,easysol,MATCHED
ebay.py,ebay,MATCHED
ebrand.py,ebrand,MATCHED
ebs.py,ebs,MATCHED
eca.py,eca,MATCHED
ecucert.py,ecucert,MATCHED
eisys.py,eisys,MATCHED
ellematthewsmodel.py,ellematthewsmodel,MATCHED
enf-meta.py,enf_meta,MATCHED
enfappdetex.py,enfappdetex,MATCHED
entura.py,entura,MATCHED
ephemeron.py,ephemeron,MATCHED
eq_ee.py,eq_ee,MATCHED
esp.py,esp,MATCHED
espresso.py,espresso,MATCHED
etoolkit.py,etoolkit,MATCHED
etotalhost.py,etotalhost,MATCHED
europa_eu.py,europa_eu,MATCHED
exemail.py,exemail,MATCHED
experian.py,experian,MATCHED
expressvpn.py,expressvpn,MATCHED
eyeonpiracy.py,eyeonpiracy,MATCHED
facct.py,facct,MATCHED
fail2ban.py,fail2ban,MATCHED
fbi_ipv6home.py,fbi_ipv6home,MATCHED
fbs.py,fbs,MATCHED
fhs.py,fhs,MATCHED
flyhosting.py,flyhosting,MATCHED
fmtsoperation.py,fmtsoperation,MATCHED
fondia.py,fondia,MATCHED
fraudwatch.py,fraudwatch,MATCHED
fraudwatchinternational.py,fraudwatchinternational,MATCHED
freedomtech.py,freedomtech,MATCHED
friendmts.py,friendmts,MATCHED
fsec.py,fsec,MATCHED
fsm.py,fsm,MATCHED
gastecnologia.py,gastecnologia,MATCHED
ginernet.py,ginernet,MATCHED
giorgioarmaniweb.py,giorgioarmaniweb,MATCHED
gmail_parser.py,gmail_parser,MATCHED
gmx.py,gmx,MATCHED
gmx_com.py,gmx_com,MATCHED
googlesafebrowsing.py,googlesafebrowsing,MATCHED
govcert_ch.py,govcert_ch,MATCHED
griffeshield.py,griffeshield,MATCHED
group_ib.py,group_ib,MATCHED
hack_hunt.py,hack_hunt,MATCHED
heficed.py,heficed,MATCHED
herrbischoff.py,herrbischoff,MATCHED
hetzner.py,hetzner,MATCHED
hfmarket.py,hfmarket,MATCHED
hispasec.py,hispasec,MATCHED
hkcert.py,hkcert,MATCHED
home.py,home,MATCHED
honeypots_tk.py,honeypots_tk,MATCHED
hostdime.py,hostdime,MATCHED
hosteurope.py,hosteurope,MATCHED
hostfission.py,hostfission,MATCHED
hostopia.py,hostopia,MATCHED
hostroyale.py,hostroyale,MATCHED
hotmail.py,hotmail,MATCHED
humongoushibiscus.py,humongoushibiscus,MATCHED
hyperfilter.py,hyperfilter,MATCHED
ibcom.py,ibcom,MATCHED
ibm.py,ibm,MATCHED
icscards.py,icscards,MATCHED
ifpi.py,ifpi,MATCHED
iheatwithoil.py,iheatwithoil,MATCHED
ilvasapolli.py,ilvasapolli,MATCHED
inaxas.py,inaxas,MATCHED
incopro.py,incopro,MATCHED
infringements_cc.py,infringements_cc,MATCHED
innotec.py,innotec,MATCHED
interconnect.py,interconnect,MATCHED
interhost.py,interhost,MATCHED
interieur_gouv_fr.py,interieur_gouv_fr,MATCHED
internet2.py,internet2,MATCHED
intsights.py,intsights,MATCHED
ionos.py,ionos,MATCHED
ipvanish.py,ipvanish,MATCHED
ipxo.py,ipxo,MATCHED
irdeto.py,irdeto,MATCHED
irisio.py,irisio,MATCHED
irs.py,irs,MATCHED
isag.py,isag,MATCHED
ish.py,ish,MATCHED
iwf.py,iwf,MATCHED
izoologic.py,izoologic,MATCHED
jcloud.py,jcloud,MATCHED
jeffv.py,jeffv,MATCHED
joturl.py,joturl,MATCHED
jpcert.py,jpcert,MATCHED
jugendschutz.py,jugendschutz,MATCHED
juno.py,juno,MATCHED
jutho.py,jutho,MATCHED
kilpatricktown.py,kilpatricktown,MATCHED
kinghost.py,kinghost,MATCHED
kinopoisk.py,kinopoisk,MATCHED
klingler_net.py,klingler_net,MATCHED
kpnmail.py,kpnmail,MATCHED
laliga.py,laliga,MATCHED
latam.py,latam,MATCHED
leakix.py,leakix,MATCHED
leakserv.py,leakserv,MATCHED
leaseweb.py,leaseweb,MATCHED
legalbaselaw.py,legalbaselaw,MATCHED
limestone.py,limestone,MATCHED
m247.py,m247,MATCHED
magazineluiza.py,magazineluiza,MATCHED
mail_abuse.py,mail_abuse,MATCHED
mail_bolster.py,mail_bolster,MATCHED
mail_ru.py,mail_ru,MATCHED
mailabuse.py,mailabuse,MATCHED
manitu.py,manitu,MATCHED
marche-be.py,marche_be,MATCHED
markscan.py,markscan,MATCHED
marqvision.py,marqvision,MATCHED
masterdaweb.py,masterdaweb,MATCHED
mcgill.py,mcgill,MATCHED
meadowbrookequine.py,meadowbrookequine,MATCHED
mediastory.py,mediastory,MATCHED
meldpunkt_kinderporno.py,meldpunkt_kinderporno,MATCHED
melio.py,melio,MATCHED
michael_joost.py,michael_joost,MATCHED
microsoft.py,microsoft,MATCHED
mieweb.py,mieweb,MATCHED
miglisoft.py,miglisoft,MATCHED
mih_brandprotection.py,mih_brandprotection,MATCHED
mirrorimagegaming.py,mirrorimagegaming,MATCHED
mm_moneygram.py,mm_moneygram,MATCHED
mnemo.py,mnemo,MATCHED
mobsternet.py,mobsternet,MATCHED
multimediallc.py,multimediallc,MATCHED
mxtoolbox.py,mxtoolbox,MATCHED
myloc.py,myloc,MATCHED
nagramonitoring.py,nagramonitoring,MATCHED
nagrastar.py,nagrastar,MATCHED
names_uk.py,names_uk,MATCHED
nbcuni.py,nbcuni,MATCHED
ncmec.py,ncmec,MATCHED
ncsc.py,ncsc,MATCHED
ncsc_fi.py,ncsc_fi,MATCHED
neptus.py,neptus,MATCHED
netbuild.py,netbuild,MATCHED
netcologne.py,netcologne,MATCHED
netcraft.py,netcraft,MATCHED
netis.py,netis,MATCHED
netresult.py,netresult,MATCHED
netsecdb.py,netsecdb,MATCHED
netum.py,netum,MATCHED
nfoservers.py,nfoservers,MATCHED
nksc.py,nksc,MATCHED
nla.py,nla,MATCHED
notificationofinfringement.py,notificationofinfringement,MATCHED
nsc.py,nsc,MATCHED
nt_gov.py,nt_gov,MATCHED
ntt.py,ntt,MATCHED
nwf.py,nwf,MATCHED
nyx.py,nyx,MATCHED
obp_corsearch.py,obp_corsearch,MATCHED
octopusdns.py,octopusdns,MATCHED
onecloud.py,onecloud,MATCHED
onsist.py,onsist,MATCHED
oplium.py,oplium,MATCHED
oppl.py,oppl,MATCHED
opsec-enforcements.py,opsec_enforcements,MATCHED
opsec_protect.py,opsec_protect,MATCHED
opsecsecurityonline.py,opsecsecurityonline,MATCHED
orange.py,orange,MATCHED
orange_fr.py,orange_fr,MATCHED
orangecyberdefense.py,orangecyberdefense,MATCHED
osn.py,osn,MATCHED
outlook.py,outlook,MATCHED
outseer.py,outseer,MATCHED
p44.py,p44,MATCHED
paps.py,paps,MATCHED
paramount.py,paramount,MATCHED
pccc_trap.py,pccc_trap,MATCHED
pedohunt.py,pedohunt,MATCHED
penega.py,penega,MATCHED
perfettivanmelle.py,perfettivanmelle,MATCHED
perso.py,perso,MATCHED
phishfort.py,phishfort,MATCHED
phishlabscom.py,phishlabscom,MATCHED
phoenixadvocates.py,phoenixadvocates,MATCHED
phototakedown.py,phototakedown,MATCHED
pj3cx.py,pj3cx,MATCHED
profihost.py,profihost,MATCHED
project_honeypot_trap.py,project_honeypot_trap,MATCHED
promusicae.py,promusicae,MATCHED
prsformusic.py,prsformusic,MATCHED
puglia.py,puglia,MATCHED
puig.py,puig,MATCHED
pwn2_zip.py,pwn2_zip,MATCHED
qwertynetworks.py,qwertynetworks,MATCHED
rapid7.py,rapid7,MATCHED
react.py,react,MATCHED
realityripple.py,realityripple,MATCHED
redfish.py,redfish,MATCHED
rediffmail_tis.py,rediffmail_tis,MATCHED
redpoints.py,redpoints,MATCHED
reggerspaul.py,reggerspaul,MATCHED
regioconnect.py,regioconnect,MATCHED
registro.py,registro,MATCHED
removal_request.py,removal_request,MATCHED
revengepornhelpline.py,revengepornhelpline,MATCHED
riaa.py,riaa,MATCHED
richardwebley.py,richardwebley,MATCHED
ricomanagement.py,ricomanagement,MATCHED
riskiq.py,riskiq,MATCHED
rivertec.py,rivertec,MATCHED
rsjaffe.py,rsjaffe,MATCHED
ruprotect.py,ruprotect,MATCHED
sakura.py,sakura,MATCHED
savana.py,savana,MATCHED
sbcglobal.py,sbcglobal,MATCHED
scert.py,scert,MATCHED
secureserver.py,secureserver,MATCHED
selcloud.py,selcloud,MATCHED
serverplan.py,serverplan,MATCHED
serverstack.py,serverstack,MATCHED
serviceexpress.py,serviceexpress,MATCHED
shadowserver.py,shadowserver,MATCHED
shadowserver_digest.py,shadowserver_digest,MATCHED
shinhan.py,shinhan,MATCHED
sia.py,sia,MATCHED
sidnnl.py,sidnnl,MATCHED
simple_tis.py,simple_tis,MATCHED
skhron.py,skhron,MATCHED
sony.py,sony,MATCHED
spamcop.py,spamcop,MATCHED
spamhaus.py,spamhaus,MATCHED
squarespace.py,squarespace,MATCHED
stackpath.py,stackpath,MATCHED
staxogroup.py,staxogroup,MATCHED
stockpile.py,stockpile,MATCHED
stop_or_kr.py,stop_or_kr,MATCHED
storage_base.py,storage_base,MATCHED
streamenforcement.py,streamenforcement,MATCHED
studiobarbero.py,studiobarbero,MATCHED
svbuero.py,svbuero,MATCHED
swisscom.py,swisscom,MATCHED
swisscom_tis.py,swisscom_tis,MATCHED
switchch.py,switchch,MATCHED
synacor.py,synacor,MATCHED
systeam.py,systeam,MATCHED
takedown.py,takedown,MATCHED
takedownnow.py,takedownnow,MATCHED
takedownreporting.py,takedownreporting,MATCHED
tampabay.py,tampabay,MATCHED
tassilosturm.py,tassilosturm,MATCHED
tecban.py,tecban,MATCHED
techspace.py,techspace,MATCHED
telecentras.py,telecentras,MATCHED
telecom_tm.py,telecom_tm,MATCHED
telecomitalia.py,telecomitalia,MATCHED
telenor.py,telenor,MATCHED
telus.py,telus,MATCHED
tempest.py,tempest,MATCHED
terra.py,terra,MATCHED
tescobrandprotection.py,tescobrandprotection,MATCHED
themccandlessgroup.py,themccandlessgroup,MATCHED
thiscompany.py,thiscompany,MATCHED
thomsentrampedach.py,thomsentrampedach,MATCHED
threeantsds.py,threeantsds,MATCHED
tikaj.py,tikaj,MATCHED
timbrasil.py,timbrasil,MATCHED
tmclo.py,tmclo,MATCHED
tntelecom.py,tntelecom,MATCHED
torrent_markmonitor.py,torrent_markmonitor,MATCHED
triciafox.py,triciafox,MATCHED
truelite.py,truelite,MATCHED
trustpilot.py,trustpilot,MATCHED
ttp_law.py,ttp_law,MATCHED
tts_stuttgart.py,tts_stuttgart,MATCHED
tucows.py,tucows,MATCHED
tvb.py,tvb,MATCHED
tx_rr.py,tx_rr,MATCHED
uceprotect.py,uceprotect,MATCHED
ucr_edu.py,ucr_edu,MATCHED
ucs_br.py,ucs_br,MATCHED
ufrgs.py,ufrgs,MATCHED
ukie.py,ukie,MATCHED
ukrbit.py,ukrbit,MATCHED
uni_koblenz.py,uni_koblenz,MATCHED
uphf.py,uphf,MATCHED
urlhaus.py,urlhaus,MATCHED
us_cert.py,us_cert,MATCHED
valentinobrandprotection.py,valentinobrandprotection,MATCHED
verifrom.py,verifrom,MATCHED
verizon.py,verizon,MATCHED
viaccessorca.py,viaccessorca,MATCHED
virtus.py,virtus,MATCHED
vmware.py,vmware,MATCHED
vobileinc.py,vobileinc,MATCHED
vpsnet.py,vpsnet,MATCHED
watchdog.py,watchdog,MATCHED
web.py,web,MATCHED
webcapio.py,webcapio,MATCHED
webhostabusereporting.py,webhostabusereporting,MATCHED
websheriff.py,websheriff,MATCHED
websteiner.py,websteiner,MATCHED
websumo.py,websumo,MATCHED
webtoonguide.py,webtoonguide,MATCHED
weightechinc.py,weightechinc,MATCHED
whitefoxboutique.py,whitefoxboutique,MATCHED
winterburn.py,winterburn,MATCHED
winvoice.py,winvoice,MATCHED
wisc.py,wisc,MATCHED
xtakedowns.py,xtakedowns,MATCHED
yahoo.py,yahoo,MATCHED
ybrandprotection.py,ybrandprotection,MATCHED
zap_hosting.py,zap_hosting,MATCHED
zapret.py,zapret,MATCHED
zero_spam.py,zero_spam,MATCHED
zerofox.py,zerofox,MATCHED
zohocorp.py,zohocorp,MATCHED
